mean_fit_time,std_fit_time,mean_score_time,std_score_time,param_classifier__max_depth,param_classifier__min_samples_leaf,param_classifier__n_estimators,params,split0_test_score,split1_test_score,split2_test_score,split3_test_score,split4_test_score,mean_test_score,std_test_score,rank_test_score,split0_train_score,split1_train_score,split2_train_score,split3_train_score,split4_train_score,mean_train_score,std_train_score
0.5036488056182862,0.05485335375833272,0.040569400787353514,0.005098656236393746,,1,100,"{'classifier__max_depth': None, 'classifier__min_samples_leaf': 1, 'classifier__n_estimators': 100}",0.6218312463268257,0.6413378739256733,0.6465771754043268,0.6033295615227035,0.6167526333969287,0.6259656981152916,0.0159718860383857,3,1.0,1.0,1.0,1.0,1.0,1.0,0.0
0.8501373767852783,0.11682860810518272,0.04936089515686035,0.009423363453790343,,1,200,"{'classifier__max_depth': None, 'classifier__min_samples_leaf': 1, 'classifier__n_estimators': 200}",0.6214056498317037,0.6444672873488573,0.6507535151317829,0.5940591902856054,0.6277805451778055,0.627693237555151,0.019919516390334874,2,1.0,1.0,1.0,1.0,1.0,1.0,0.0
1.3123895168304442,0.0937067696115243,0.058627748489379884,0.006536871787891277,,1,300,"{'classifier__max_depth': None, 'classifier__min_samples_leaf': 1, 'classifier__n_estimators': 300}",0.6441329403786592,0.6461988304093568,0.6434863315005401,0.6053524282198075,0.6289246926840911,0.633619044638491,0.01540905518016427,1,1.0,1.0,1.0,1.0,1.0,1.0,0.0
0.33990116119384767,0.05402493435473201,0.030598020553588866,0.009239523565473024,,2,100,"{'classifier__max_depth': None, 'classifier__min_samples_leaf': 2, 'classifier__n_estimators': 100}",0.5972854313791428,0.6255460588793923,0.634978354978355,0.5966592808016565,0.5877294248633761,0.6084397101803846,0.01837954952309665,7,0.9058044025088798,0.895822449573522,0.9064463078362898,0.9150008976202395,0.9110120101037552,0.9068172135285373,0.006428330969090269
0.7512980461120605,0.13287193980321765,0.05835709571838379,0.004555603021871932,,2,200,"{'classifier__max_depth': None, 'classifier__min_samples_leaf': 2, 'classifier__n_estimators': 200}",0.5880523257663987,0.6018970110877128,0.6191877842755036,0.5821364750644328,0.5874585162349791,0.5957464224858053,0.013419734467328574,12,0.906690104901939,0.9058014444060397,0.9139140726778386,0.9154700026752564,0.9120439789719085,0.9107839207265964,0.003871159008362341
0.9435660362243652,0.13974223477904038,0.07003836631774903,0.009747834620867856,,2,300,"{'classifier__max_depth': None, 'classifier__min_samples_leaf': 2, 'classifier__n_estimators': 300}",0.5948974226752005,0.6056503416456765,0.6251700271404025,0.5850891586779557,0.5931879137214803,0.6007989727721431,0.013835019647698888,8,0.9086009970750766,0.9054765207834686,0.9105950349221307,0.9121680162612705,0.9111942810029857,0.9096069700089864,0.002371808538602388
0.33681678771972656,0.10815179320192214,0.055491304397583006,0.04726951376269131,,4,100,"{'classifier__max_depth': None, 'classifier__min_samples_leaf': 4, 'classifier__n_estimators': 100}",0.5873668987810955,0.5710293963987026,0.5953693463652666,0.5602011323177916,0.5902569168674446,0.5808447381460602,0.01314983898581478,13,0.755096443293663,0.7391231964483908,0.7503435029476696,0.7550118255325619,0.7479696985315444,0.749508933350766,0.005872501527842827
0.5482405185699463,0.089312780658162,0.049051094055175784,0.005714858113093967,,4,200,"{'classifier__max_depth': None, 'classifier__min_samples_leaf': 4, 'classifier__n_estimators': 200}",0.5766679111624539,0.5695408598221897,0.5987858653096335,0.5628144991613356,0.5723043403964456,0.5760226951704117,0.012238259778124143,16,0.7565746920778466,0.7416954639809289,0.7613891024274891,0.7572298142318776,0.7540062422734352,0.7541790629983154,0.006676839099092597
0.8217597484588623,0.054109278526134535,0.06649279594421387,0.005718055159980856,,4,300,"{'classifier__max_depth': None, 'classifier__min_samples_leaf': 4, 'classifier__n_estimators': 300}",0.5802434229455021,0.5703907003664606,0.6030836616217169,0.5712472571459153,0.5658123249299719,0.5781554734019133,0.013312719989173105,15,0.7544877908420423,0.738123644169673,0.7628332202925624,0.7540721495041183,0.7520786917336828,0.7523190993084158,0.007998648516143155
0.28026466369628905,0.0682116652316491,0.04685873985290527,0.012954052401893427,10,1,100,"{'classifier__max_depth': 10, 'classifier__min_samples_leaf': 1, 'classifier__n_estimators': 100}",0.5693765818391135,0.5508828201234443,0.5809099784385484,0.5382809268216269,0.5492237971340193,0.5577348208713505,0.015300065095937196,19,0.7494020930018443,0.7219932093855874,0.7429762069881178,0.7375980472599362,0.7353394247563653,0.7374617962783703,0.00912994651668183
0.4827733516693115,0.08033703304845347,0.051141977310180664,0.002848841759035052,10,1,200,"{'classifier__max_depth': 10, 'classifier__min_samples_leaf': 1, 'classifier__n_estimators': 200}",0.5692925477188618,0.5465556288441156,0.5713487799791177,0.5395332342387003,0.5561781489512088,0.5565816679464008,0.01241746706798665,20,0.7463694618957563,0.7362530704053573,0.7338740625668931,0.7433037565227764,0.7347757844238055,0.7389152271629177,0.004989192533286781
0.6815089225769043,0.09406749774133372,0.07031483650207519,0.007139741483910745,10,1,300,"{'classifier__max_depth': 10, 'classifier__min_samples_leaf': 1, 'classifier__n_estimators': 300}",0.5685349737981317,0.5373916792488922,0.5766924384068169,0.5363445462791487,0.5526370618680363,0.5543201399202051,0.016217945251661012,21,0.749607447421058,0.7279326843578312,0.7312848119683255,0.7394546144475095,0.7426435564590701,0.7381846229307588,0.00780622215696033
0.30213336944580077,0.0743745541175524,0.07692375183105468,0.06648431154694083,10,2,100,"{'classifier__max_depth': 10, 'classifier__min_samples_leaf': 2, 'classifier__n_estimators': 100}",0.5683465745965747,0.5311392529510516,0.5660054814388243,0.5437595346076728,0.5465169408781146,0.5511535568944476,0.014091995290776893,22,0.6889159189049331,0.6585234904557673,0.6713127295770365,0.6752226370445756,0.6623267516164012,0.6712603055197428,0.01067200399849626
0.4604315757751465,0.06668344929763378,0.0514336109161377,0.01188511840921676,10,2,200,"{'classifier__max_depth': 10, 'classifier__min_samples_leaf': 2, 'classifier__n_estimators': 200}",0.5588468058175454,0.5348822997422853,0.5591040985158632,0.5316435961160503,0.5373437197219625,0.5443641039827413,0.012066630171528174,25,0.6822056577347863,0.6593863851615858,0.6657401959269894,0.6823485094879289,0.6635312111141208,0.6706423918850822,0.009716382155626018
0.6657639980316162,0.06935460221623359,0.07238044738769531,0.011892784694385086,10,2,300,"{'classifier__max_depth': 10, 'classifier__min_samples_leaf': 2, 'classifier__n_estimators': 300}",0.5575936769853742,0.5223874165050636,0.5666753672274555,0.5290290433556498,0.539921911082695,0.5431214830312476,0.016750913347938858,26,0.6811743755934803,0.6609884873500403,0.6681548767709052,0.6842196456683949,0.6698751865622498,0.6728825143890141,0.008604045155503
0.2808991432189941,0.08013205289208077,0.053739500045776364,0.021662997029584637,10,4,100,"{'classifier__max_depth': 10, 'classifier__min_samples_leaf': 4, 'classifier__n_estimators': 100}",0.5586450049813118,0.5281137008298522,0.5621919779121157,0.5221026250438016,0.5431156156942761,0.5428337848922714,0.015945379329235645,27,0.6293503666027468,0.6061768068989752,0.6135062828849306,0.621716952182367,0.6214043480213808,0.6184309513180801,0.00791566717864065
0.43808298110961913,0.04244610014409776,0.08590903282165527,0.015438303607227791,10,4,200,"{'classifier__max_depth': 10, 'classifier__min_samples_leaf': 4, 'classifier__n_estimators': 200}",0.564122383252818,0.5276466885737838,0.5678504698579526,0.5245907349355625,0.5422693066722631,0.545295916658476,0.01795830662745738,24,0.6323477374626018,0.601494096635821,0.6115270390145634,0.6190028437647447,0.6129248614281386,0.6154593156611738,0.010145826557502818
0.7052911281585693,0.1420547652838159,0.05671491622924805,0.008952738628509689,10,4,300,"{'classifier__max_depth': 10, 'classifier__min_samples_leaf': 4, 'classifier__n_estimators': 300}",0.5586152857357386,0.5215159085801906,0.5689050598120566,0.5251164991278663,0.5536751898197682,0.545565588615124,0.018853877654377304,23,0.627287720994366,0.6017058120198798,0.613750923934223,0.62356639687542,0.6204711365632501,0.6173563980774278,0.008998190301706932
0.26818313598632815,0.052822879218892886,0.06055269241333008,0.012361824328267908,20,1,100,"{'classifier__max_depth': 20, 'classifier__min_samples_leaf': 1, 'classifier__n_estimators': 100}",0.6101615566016851,0.6198215965025757,0.6273754914033939,0.5997142358309385,0.635460788731935,0.6185067338141057,0.012574765734421501,4,0.9875237686684636,0.9815627146061158,0.9811395410952843,0.9864664570871949,0.986166582691938,0.9845718128297992,0.0026714105797506337
0.8496304512023926,0.13614541835310393,0.04599466323852539,0.009196149929348165,20,1,200,"{'classifier__max_depth': 20, 'classifier__min_samples_leaf': 1, 'classifier__n_estimators': 200}",0.6056342201136776,0.6196968025592133,0.6420938346710541,0.5785763434848269,0.6364389783714159,0.6164880358400375,0.02288709225122692,5,0.9858615534400065,0.9829475721450044,0.9816105697799885,0.9869193480358924,0.9855572933586632,0.984579267351911,0.001977491573227572
1.141906976699829,0.05602988815167844,0.0937896728515625,0.011319620860254294,20,1,300,"{'classifier__max_depth': 20, 'classifier__min_samples_leaf': 1, 'classifier__n_estimators': 300}",0.6089168474734796,0.6202157807116637,0.6317472124183782,0.5905499814195466,0.626272389376615,0.6155404422799367,0.014615662957472556,6,0.9866182240055595,0.9829475721450044,0.9813081157416451,0.986012647330786,0.9879806697367673,0.9849734457919525,0.0024644447437758947
0.35074467658996583,0.12323880524125459,0.03843278884887695,0.008111049268742586,20,2,100,"{'classifier__max_depth': 20, 'classifier__min_samples_leaf': 2, 'classifier__n_estimators': 100}",0.6000771122671725,0.5983834478219736,0.6250205949197261,0.5968402755058024,0.5747978052050023,0.5990238471439354,0.01593122384975665,9,0.8926088885690779,0.8885683615046106,0.8891997163776376,0.8992106357409231,0.8923119623372422,0.8923799129058982,0.0037777611260125417
0.5871522426605225,0.056756756443049936,0.053434133529663086,0.01508251347946941,20,2,200,"{'classifier__max_depth': 20, 'classifier__min_samples_leaf': 2, 'classifier__n_estimators': 200}",0.6009342676009343,0.6000483372546489,0.6079543644526515,0.5940918230881056,0.5815866222575556,0.5969230829307792,0.008840464324228942,11,0.8943145591590301,0.8875889891295269,0.8920866329178722,0.8927262581958528,0.8963516756357225,0.8926136230076009,0.0029121666192317903
1.0235281944274903,0.13271299730553374,0.0871203899383545,0.019580808921463744,20,2,300,"{'classifier__max_depth': 20, 'classifier__min_samples_leaf': 2, 'classifier__n_estimators': 300}",0.6028056218080539,0.5925924786353715,0.6179123304951119,0.593703318848405,0.5863915339773089,0.5986810567528502,0.010952031362564198,10,0.8959450939540226,0.8861193335034317,0.8926158558730565,0.8977028902691385,0.8985225156790276,0.8941811378557354,0.004512308493059625
0.3528102397918701,0.009614015984934988,0.028562402725219725,0.004716756574745368,20,4,100,"{'classifier__max_depth': 20, 'classifier__min_samples_leaf': 4, 'classifier__n_estimators': 100}",0.5797690894778273,0.5741329924190708,0.5916888737880464,0.570162116766173,0.5785567250160583,0.5788619594934351,0.007259423892921288,14,0.7588192131591777,0.7448152622571227,0.7496572601858871,0.7481870861504643,0.755676728394631,0.7514311100294566,0.005099980766626473
0.4680947780609131,0.08695752582876703,0.05622696876525879,0.01197532944263246,20,4,200,"{'classifier__max_depth': 20, 'classifier__min_samples_leaf': 4, 'classifier__n_estimators': 200}",0.5719769341871851,0.5554488095918874,0.5926619945551655,0.5566256338277505,0.5729195848399699,0.5699265914003917,0.013539439503366994,18,0.7512898217111785,0.738409753385339,0.7549861025158311,0.7465374777209485,0.7520284960604965,0.7486503302787587,0.005794039867861906
0.5874826431274414,0.05118320509413297,0.060810089111328125,0.002634158980677238,20,4,300,"{'classifier__max_depth': 20, 'classifier__min_samples_leaf': 4, 'classifier__n_estimators': 300}",0.575250894061452,0.5568879868583618,0.5972596957045909,0.5678241667037186,0.5772769573421984,0.5748999401340644,0.013268225797628602,17,0.7504433962943899,0.7326847044954438,0.7560016219942928,0.7435458471672872,0.7487120952294585,0.7462775330361744,0.007874852522409511
